Alandur,Kancheepuram
Ambasamudram,Tirunelveli
Ambattur,Thiruvallur
Ambur,Vellore
Anaiyur,Madurai
Anakaputhur,Kancheepuram
Arakkonam,Vellore
Arani,Thiruvannamalai
Aranthangi,Pudukottai
Arcot,Vellore
Ariyalur,Perambalur
Aruppukkottai,Virudhunagar
Attur,Salem
Avadi,Thiruvallur
Avaniyapuram,Madurai
Bhavani,Erode
Bodinayakanur,Theni
Chengalpattu,Kancheepuram
Chidambaram,Cuddalore
Chinnamanur,Theni
Colachel,Kanyakumari
Coonoor,Nilgiris
Cuddalore,Cuddalore
Cumbum,Theni
Devakkottai,Sivagangai
Dharapadavedu,Vellore
Dharapuram,Erode
Dharmapuri,Dharmapuri
Dindigul,Dindigul
Erode,Erode
Gobichettipalayam,Erode
Goundampalayam,Coimbatore
Gudalur,Nilgiris
Gudalur,Theni
Gudiyatham,Vellore
Hosur,Krishnagiri
Idappadi,Salem
Inamkarur,Karur
Jayankondam,Perambalur
Jolarpet,Vellore
Kadayanallur,Tirunelveli
Kallakurichi,Villupuram
Kancheepuram,Kancheepuram
Karaikudi,Sivagangai
Karur,Karur
Kasipalayam (E),Erode
Kathivakkam,Thiruvallur
Kayalpattinam,Tuticorin
Keelakarai,Ramanathapuram
Kodaikanal,Dindigul
Komarapalayam,Namakkal
Koothanallur,Thiruvarur
Kovilpatti,Tuticorin
Krishnagiri,Krishnagiri
Kulithalai,Karur
Kumbakonam,Thanjavur
Kuniyamuthur,Coimbatore
Kuruchi,Coimbatore
Kuzhithurai,Kanyakumari
Madhavaram,Thiruvallur
Madurantagam,Kancheepuram
Maduravoyal,Thiruvallur
Manali,Thiruvallur
Manapparai,Trichi
Mannargudi,Thiruvarur
Maraimalainagar,Kancheepuram
Mayiladuthurai,Nagapattinam
Melur,Madurai
Melvisharam,Vellore
Mettupalayam,Coimbatore
Mettur,Salem
Nagapattinam,Nagapattinam
Nagercoil,Kanyakumari
Nallur,Coimbatore
Namakkal,Namakkal
Narasingapuram,Salem
Nellikuppam,Cuddalore
Nelliyalam,Nilgiris
Padmanabhapuram,Kanyakumari
Palani,Dindigul
Palladam,Coimbatore
Pallavapuram,Kancheepuram
Pallipalayam,Namakkal
Pammal,Kancheepuram
Panruti,Cuddalore
Paramakudi,Ramanathapuram
Pattukkottai,Thanjavur
Perambalur,Perambalur
Periyakulam,Theni
Periyasemur,Erode
Pernampattu,Vellore
Pollachi,Coimbatore
Poonamallee,Thiruvallur
Pudukkottai,Pudukottai
Puliyangudi,Tirunelveli
Punjaipuliampatti,Erode
Puzhuthivakkam,Kancheepuram
Rajapalayam,Virudhunagar
Ramanathapuram,Ramanathapuram
Rameswaram,Ramanathapuram
Ranipet,Vellore
Rasipuram,Namakkal
Sankarankoil,Tirunelveli
Sathuvachari,Vellore
Sathyamangalam,Erode
Sattur,Virudhunagar
Sengottai,Tirunelveli
Sirkazhi,Nagapattinam
Sivagangai,Sivagangai
Sivakasi,Virudhunagar
Srivilliputhur,Virudhunagar
Surampatti,Erode
Tambaram,Kancheepuram
Tenkasi,Tirunelveli
Thanjavur,Thanjavur
Thanthoni,Karur
Theni-allinagaram,Theni
Thirupathur,Vellore
Thirupparankundram,Madurai
Thiruthangal,Virudhunagar
Thiruthani,Thiruvallur
Thiruthuraipoondi,Thiruvarur
Thiruvannamalai,Thiruvannamalai
Thiruvathipuram,Thiruvannamalai
Thiruverkadu,Thiruvallur
Thoothukudi,Tuticorin
Thuraiyur,Trichi
Thuvakudi,Trichi
Tindivanam,Villupuram
Tiruchengode,Namakkal
Tirumangalam,Madurai
Tiruppur,Coimbatore
Tiruvallur,Thiruvallur
Tiruvarur,Thiruvarur
Tiruvottiyur,Thiruvallur
Udhagamandalam,Nilgiris
Udumalaipet,Coimbatore
Usilampatti,Madurai
Valasaravakkam,Thiruvallur
Valparai,Coimbatore
Vandavasi,Villupuram
Vaniyambadi,Vellore
Vedaranyam,Nagapattinam
Veerappanchatram,Erode
Velampalayam,Coimbatore
Vellakoil,Erode
Vellore,Vellore
Vikramasingapuram,Tirunelveli
Villupuram,Villupuram
Virudhachalam,Cuddalore
Virudhunagar,Virudhunagar
Walajapettai,Vellore